Θμ; Ξοθρΰνθε; θο
10x1x1SHA; 1.6.1/10.1.1 Ωΐ; PX
10x2x1SHA; 10.2.1 Ωΐ; PX
10x3x1SHA; 10.3.1 Ωΐ; PX
1x1SHA; Ωΐ1.1; PX
1x1x1SHA; 1.1.1/7.1.1 Ωΐ; PX
1x2SHA; Ωΐ1.2; PX
2x1x4SHA; 2.1.4 Ωΐ; PX
3x1x1SHA; 3.1.1 Ωΐ; PX
3x1x2SHA; 3.1.2 Ωΐ; PX
3x2x1SHA; 3.2.1 Ωΐ; PX
3x3x5SHA; 3.3.5 Ωΐ; PX
3x4x1SHA; 3.4.1 Ωΐ; PX
3x5x1SHA; 3.5.1 Ωΐ; PX
4x2x1SHA; 4.2.1 Ωΐ; PX
5x13x1SHA; 5.13/14/15.1 Ωΐ; PX
5x2x1SHA; 5.2.1 Ωΐ; PX
5x4x1SHA; 5.4.1 Ωΐ; PX
5x5x1SHA; 5.5.1 Ωΐ; PX
5x7x1SHA; 5.7.1 Ωΐ; PX
5x9x1SHA; 5.9/10/11.1 Ωΐ; PX
7x2x1SHA; 7.2.1 Ωΐ; PX
7x4x1SHA; 7.4.1 Ωΐ; PX
8x10x1SHA; 8.10.1 Ωΐ; PX
8x4x1SHA; 8.4.1 Ωΐ; PX
8x6x1SHA; 8.6.1 Ωΐ; PX
9x1x1SHA; 9.1.1 Ωΐ; PX
Global; Ξρνξβνξι ρεπβεπ; PX
SHAV1011; ΩΐΒ1.0.1.1; PX
SHAV1012; ΩΐΒ1.0.1.2; PX
SHAV1013; ΩΐΒ1.0.1.3; PX
SHAV1014; ΩΐΒ1.0.1.4; PX
SHAV3111; ΩΐΒ3.1.1.1; PX
SHAV3121; ΩΐΒ3.1.2.1; PX
SHAV3131; ΩΐΒ3.1.3.1; PX
SHAV3132; ΩΐΒ3.1.3.2; PX
SHAV3141; ΩΐΒ3.1.4.1; PX
SHAV3311; ΩΐΒ3.3.1.1; PX
SHAV3312; ΩΐΒ3.3.1.2; PX
SHAV3321; ΩΐΒ3.3.2.1; PX
SHAV3322; ΩΐΒ3.3.2.2; PX
SHAV3331; ΩΐΒ3.3.3.1; PX
SHAV3341; ΩΐΒ3.3.4.1; PX
SHAV3351; ΩΐΒ3.3.5.1; PX
SHAV3361; ΩΐΒ3.3.6.1; PX
SHAV4141; ΩΐΒ4.1.4.1; PX
